release_speed,release_pos_x,release_pos_z,release_pos_y,launch_speed,effective_speed,release_spin_rate,release_extension,pitch_name
94.6,-1.29,4.96,53.98,70.3,95.0,2310,6.5,Sinker
88.4,-1.33,4.84,53.8,101.5,89.4,2248,6.7,Slider
95.3,-1.39,4.83,54.0,77.0,95.3,2419,6.5,4-Seam Fastball
94.9,-1.48,4.84,54.03,59.5,95.3,2324,6.5,Sinker
94.6,-1.47,4.85,54.0,75.0,94.6,2430,6.5,4-Seam Fastball
95.0,-1.54,4.88,54.09,72.1,94.8,2316,6.4,4-Seam Fastball
91.3,-1.4,4.7,53.9,92.5,91.5,1742,6.6,Changeup
90.4,-1.33,4.78,53.93,74.7,91.0,1701,6.6,Changeup
89.9,-1.33,4.74,53.91,82.0,90.5,1713,6.6,Changeup
95.0,-1.46,4.81,53.86,82.0,95.6,2317,6.6,Sinker
95.7,-1.25,4.82,53.88,80.8,96.0,2384,6.6,Sinker
95.6,-1.55,4.76,53.93,70.7,96.1,2253,6.6,Sinker
95.2,-1.18,4.69,53.83,76.7,95.9,2421,6.7,Sinker
85.2,-1.39,4.71,53.88,68.1,85.8,2606,6.6,Sweeper
94.9,-1.38,4.86,54.09,108.7,95.3,2312,6.4,4-Seam Fastball
95.7,-1.34,4.85,53.93,43.3,96.0,2200,6.6,Sinker
89.9,-1.46,4.87,53.96,62.1,91.2,2250,6.5,Slider
90.3,-1.42,4.77,53.9,82.6,90.8,2199,6.6,Changeup
94.8,-1.44,4.84,54.05,86.4,95.4,2321,6.5,4-Seam Fastball
93.5,-1.32,4.84,54.14,49.2,93.7,2339,6.4,Sinker
90.8,-1.37,4.67,53.88,89.6,91.2,2140,6.6,Changeup
95.6,-1.41,4.73,53.97,99.1,95.7,2416,6.5,Sinker
95.1,-1.42,4.85,54.11,84.7,95.5,2314,6.4,Sinker
94.6,-1.47,4.83,54.13,103.7,94.9,2322,6.4,4-Seam Fastball
95.6,-1.49,4.77,53.87,108.4,96.3,2340,6.6,Sinker
96.5,-1.58,4.8,53.97,91.4,96.5,2157,6.5,4-Seam Fastball
94.6,-1.57,4.79,54.04,91.6,95.0,2306,6.5,4-Seam Fastball
94.3,-1.33,4.74,53.96,106.4,94.7,2278,6.5,Sinker
89.2,-1.34,4.94,53.88,73.1,89.8,1563,6.6,Changeup
82.3,-1.39,5.02,54.23,96.3,82.0,2356,6.3,Sweeper
95.7,-1.23,4.95,53.9,96.0,96.1,2268,6.6,Sinker
89.8,-1.35,4.97,53.89,100.9,90.9,2334,6.6,Slider
95.7,-1.6,5.0,53.96,51.6,95.8,2195,6.5,4-Seam Fastball
94.8,-1.57,5.05,54.0,59.7,95.1,2156,6.5,Sinker
96.2,-1.45,4.97,53.95,78.3,96.4,2063,6.6,4-Seam Fastball
95.6,-1.35,5.02,54.03,75.4,95.7,2164,6.5,Sinker
95.1,-1.58,4.97,54.02,111.1,95.2,2238,6.5,4-Seam Fastball
95.0,-1.42,5.17,53.94,47.4,95.2,2107,6.6,4-Seam Fastball
89.7,-1.33,5.05,53.97,75.7,90.2,1653,6.5,Changeup
95.3,-1.47,5.08,53.9,75.0,95.8,2174,6.6,4-Seam Fastball
94.7,-1.59,5.13,53.95,71.5,95.0,2264,6.5,4-Seam Fastball
96.1,-1.46,4.95,53.94,87.8,96.4,2307,6.6,Sinker
95.6,-1.42,4.93,53.85,102.7,96.2,2308,6.6,Sinker
95.2,-1.37,5.1,53.93,73.9,95.5,2226,6.6,Sinker
88.7,-1.6,5.02,53.97,77.6,89.8,2160,6.5,Slider
95.6,-1.48,5.08,53.96,78.4,95.9,2251,6.5,4-Seam Fastball
89.5,-1.61,4.94,53.88,102.5,90.0,2221,6.6,Slider
95.9,-1.42,5.03,53.68,78.1,96.7,2225,6.8,4-Seam Fastball
89.5,-1.59,4.93,53.77,46.3,90.3,1857,6.7,Changeup
94.8,-1.75,4.98,53.79,28.8,95.3,2180,6.7,4-Seam Fastball
94.5,-1.58,4.97,53.89,100.8,95.0,2252,6.6,Sinker
86.8,-1.59,5.13,53.92,81.3,87.9,2183,6.6,Slider
94.8,-1.46,4.98,53.89,99.0,95.3,2213,6.6,Sinker
96.1,-1.59,5.06,53.85,79.6,96.9,2002,6.7,4-Seam Fastball
94.6,-1.56,4.87,53.89,36.0,95.4,2338,6.6,4-Seam Fastball
96.3,-1.58,5.05,53.85,88.4,97.1,2143,6.7,4-Seam Fastball
94.3,-1.66,5.08,53.79,74.0,94.8,2097,6.7,4-Seam Fastball
95.2,-1.56,5.11,53.89,71.4,95.6,2128,6.6,4-Seam Fastball
94.6,-1.58,5.04,53.96,93.7,95.0,2121,6.5,Sinker
94.7,-1.47,5.01,54.03,92.2,95.1,2293,6.5,Sinker
88.2,-1.58,4.93,54.09,105.7,88.7,2224,6.4,Slider
94.6,-1.54,4.84,54.09,88.3,94.9,2252,6.4,4-Seam Fastball
95.0,-1.56,5.0,54.16,79.3,95.4,2299,6.3,4-Seam Fastball
93.8,-1.3,4.91,54.07,87.9,94.7,2204,6.4,Sinker
95.9,-1.45,4.86,54.1,103.1,96.1,2228,6.4,4-Seam Fastball
87.5,-1.57,4.91,53.92,103.5,88.5,2192,6.6,Slider
94.4,-1.58,4.97,54.11,76.1,94.6,2339,6.4,4-Seam Fastball
95.5,-1.38,4.95,54.19,67.0,95.4,2368,6.3,4-Seam Fastball
92.7,-1.44,4.85,53.95,75.4,93.6,2295,6.6,Sinker
95.9,-1.51,4.96,54.1,80.4,96.1,2214,6.4,4-Seam Fastball
95.3,-1.54,4.96,54.05,63.7,96.2,1860,6.4,4-Seam Fastball
95.6,-1.52,4.88,53.99,88.6,96.1,2366,6.5,Sinker
95.0,-1.44,4.99,54.13,76.4,95.4,2189,6.4,Sinker
94.3,-1.59,4.92,54.04,97.2,95.2,2307,6.5,Sinker
95.0,-1.37,4.93,54.06,85.1,95.6,2304,6.4,Sinker
95.6,-1.45,4.97,53.9,98.0,96.2,2214,6.6,4-Seam Fastball
95.0,-1.37,4.96,53.96,75.5,95.2,2246,6.5,4-Seam Fastball
95.8,-1.41,4.85,53.81,74.6,96.6,2393,6.7,Sinker
95.3,-1.47,4.99,53.8,105.3,95.9,2310,6.7,4-Seam Fastball
95.7,-1.6,4.95,54.02,79.9,96.0,2356,6.5,4-Seam Fastball
89.8,-1.41,4.94,53.88,92.4,91.0,1599,6.6,Changeup
96.2,-1.45,4.96,53.96,98.1,96.9,2218,6.5,4-Seam Fastball
95.3,-1.54,4.89,53.98,86.8,96.0,2214,6.5,4-Seam Fastball
88.7,-1.59,4.99,53.94,93.7,89.5,2243,6.6,Slider
94.8,-1.39,5.08,53.89,73.0,95.3,2213,6.6,4-Seam Fastball
95.0,-1.6,4.98,53.94,73.1,95.6,2336,6.6,Sinker
95.4,-1.39,5.03,53.81,100.7,96.2,2326,6.7,Sinker
94.9,-1.6,4.91,53.95,85.5,95.6,2235,6.6,4-Seam Fastball
96.1,-1.44,5.03,54.13,77.9,95.8,2306,6.4,4-Seam Fastball
95.8,-1.31,4.97,53.94,100.3,96.3,2190,6.6,4-Seam Fastball
88.0,-1.35,4.98,53.97,69.4,89.0,2255,6.5,Slider
95.3,-1.18,4.98,54.01,100.3,95.2,2341,6.5,Sinker
96.5,-1.21,5.15,54.0,105.9,96.5,2241,6.5,4-Seam Fastball
96.7,-1.28,5.03,53.94,70.9,97.2,2263,6.6,4-Seam Fastball
95.9,-1.21,5.15,53.99,73.0,96.2,2211,6.5,4-Seam Fastball
90.9,-1.21,5.09,53.88,79.2,91.8,2295,6.6,Slider
95.8,-1.27,5.02,53.88,75.9,96.5,2285,6.6,Sinker
91.5,-1.28,4.97,53.65,82.2,92.7,1735,6.8,Changeup
91.4,-1.39,4.9,53.48,84.7,93.1,1680,7.0,Changeup
88.6,-1.3,5.02,53.95,103.5,89.2,2315,6.6,Slider
96.3,-1.32,5.09,53.98,84.5,96.4,2372,6.5,Sinker
96.6,-0.95,5.14,53.87,105.7,97.5,2375,6.6,Sinker
84.9,-1.44,5.15,53.89,48.8,85.5,2570,6.6,Sweeper
89.8,-1.19,5.18,53.92,72.2,90.6,2315,6.6,Slider
96.9,-1.25,5.25,53.9,88.4,97.1,2267,6.6,4-Seam Fastball
96.6,-1.21,5.28,53.95,69.1,97.0,2260,6.5,4-Seam Fastball
97.1,-1.3,5.2,53.82,73.5,97.6,2376,6.7,4-Seam Fastball
97.0,-1.14,5.25,53.91,81.7,97.7,2384,6.6,Sinker
96.2,-1.23,5.11,53.95,87.9,96.7,2236,6.6,4-Seam Fastball
95.9,-1.16,5.14,53.83,91.1,96.8,2325,6.7,Sinker
91.5,-1.11,4.96,53.79,88.6,92.5,1655,6.7,Changeup
96.1,-1.08,5.14,53.86,70.0,96.6,2345,6.6,Sinker
89.5,-1.36,5.05,53.9,85.3,90.6,2329,6.6,Slider
96.7,-1.32,4.98,53.79,94.5,97.3,2381,6.7,Sinker
95.9,-1.1,5.16,53.9,90.9,96.5,2241,6.6,Sinker
95.1,-1.34,5.12,53.98,100.4,95.7,2309,6.5,4-Seam Fastball
96.4,-1.39,5.03,53.87,80.1,97.1,2357,6.6,Sinker
96.6,-1.21,5.05,53.74,79.9,97.1,2340,6.8,Sinker
95.9,-1.24,5.11,53.78,91.7,96.1,2190,6.7,4-Seam Fastball
97.0,-1.26,5.11,53.92,48.1,97.4,2410,6.6,Sinker
96.9,-1.27,4.99,53.8,76.7,97.8,2237,6.7,4-Seam Fastball
96.8,-1.32,4.85,53.87,109.2,97.9,2335,6.6,Sinker
96.5,-1.14,4.92,53.79,88.7,97.2,2319,6.7,Sinker
97.4,-1.24,5.0,53.87,24.6,97.8,2430,6.6,Sinker
97.3,-1.33,5.09,53.92,86.3,97.4,2273,6.6,4-Seam Fastball
96.4,-1.35,5.05,53.92,62.2,96.9,2394,6.6,Sinker
97.2,-1.39,5.17,53.98,79.1,97.6,2294,6.5,4-Seam Fastball
96.4,-1.45,5.18,53.95,74.8,97.2,2336,6.6,Sinker
97.5,-1.57,5.08,53.94,100.2,98.3,2237,6.6,4-Seam Fastball
97.4,-1.23,5.17,53.87,81.4,98.2,2238,6.6,4-Seam Fastball
94.9,-1.4,5.19,54.06,91.9,94.7,2156,6.4,4-Seam Fastball
88.8,-1.13,5.32,54.11,73.3,88.7,2366,6.4,Slider
95.0,-1.12,5.3,54.06,83.2,94.7,2276,6.4,4-Seam Fastball
93.2,-1.36,5.17,54.12,89.4,92.8,2296,6.4,Sinker
94.9,-1.24,5.3,54.16,106.6,94.2,2255,6.3,Sinker
87.6,-1.26,5.22,54.09,67.9,87.6,2271,6.4,Slider
95.6,-1.2,5.26,54.09,75.7,95.3,2245,6.4,4-Seam Fastball
94.0,-1.45,5.07,54.11,70.6,93.7,2316,6.4,Sinker
93.9,-1.34,5.09,53.8,81.8,94.1,2267,6.7,Sinker
94.8,-1.2,5.24,53.95,96.2,94.9,2241,6.6,Sinker
94.3,-1.54,4.98,54.03,107.1,94.1,2352,6.5,Sinker
94.8,-1.32,5.15,54.04,101.4,94.6,2239,6.5,Sinker
95.0,-1.56,5.11,54.07,70.3,94.8,2300,6.4,Sinker
88.1,-1.29,5.21,53.94,84.6,88.7,2314,6.6,Slider
87.0,-1.33,5.28,53.92,94.9,87.1,2203,6.6,Slider
89.4,-1.54,5.03,54.04,98.2,89.1,2124,6.5,Changeup
86.4,-1.48,5.28,54.23,82.2,86.1,2144,6.3,Slider
95.5,-1.44,5.13,53.96,105.4,94.9,2219,6.5,4-Seam Fastball
94.9,-1.25,5.33,54.1,81.5,94.4,2291,6.4,Sinker
86.9,-1.25,5.19,53.74,78.3,87.6,2286,6.8,Slider
94.0,-1.41,5.18,54.31,66.3,93.1,2293,6.2,4-Seam Fastball
81.7,-1.41,5.25,53.99,76.5,81.3,2480,6.5,Sweeper
93.4,-1.38,5.22,53.78,90.2,94.1,2248,6.7,Sinker
93.7,-1.51,5.2,54.09,78.0,93.3,2236,6.4,4-Seam Fastball
85.5,-1.59,5.18,53.98,104.0,85.8,2113,6.5,Slider
94.1,-1.59,5.1,53.92,52.3,94.1,2326,6.6,Sinker
93.4,-1.53,5.04,54.05,73.0,92.8,2188,6.5,4-Seam Fastball
93.1,-1.4,5.09,54.03,55.8,92.8,2350,6.5,Sinker
94.9,-1.32,5.06,53.85,105.6,94.8,2287,6.7,Sinker
94.3,-1.36,5.32,54.01,88.4,94.0,2334,6.5,Sinker
94.6,-1.07,5.36,54.03,79.8,94.5,2182,6.5,4-Seam Fastball
89.2,-1.08,5.18,53.91,102.6,89.4,1585,6.6,Changeup
88.8,-1.16,5.16,53.89,100.5,88.8,2192,6.6,Slider
87.6,-1.14,5.18,53.98,109.9,87.9,2114,6.5,Slider
94.8,-1.24,5.27,53.94,70.0,95.2,2169,6.6,Sinker
95.4,-1.08,5.26,54.07,71.8,95.2,2302,6.4,Sinker
83.8,-1.3,5.19,53.95,75.2,83.6,2434,6.5,Sweeper
94.3,-1.28,5.13,53.97,79.5,94.4,2182,6.5,Sinker
95.4,-1.43,4.93,54.1,78.3,95.4,2017,6.4,4-Seam Fastball
94.9,-1.53,5.03,54.06,76.1,94.7,2167,6.4,4-Seam Fastball
88.0,-1.21,5.04,53.98,80.6,88.2,1638,6.5,Changeup
96.3,-1.3,5.12,53.89,84.9,96.8,2345,6.6,Sinker
95.0,-1.36,5.05,53.9,70.6,95.3,2178,6.6,Sinker
93.8,-1.46,5.0,53.93,34.3,93.8,2235,6.6,Sinker
95.1,-1.43,4.98,53.89,92.2,95.3,2167,6.6,4-Seam Fastball
88.5,-1.4,5.14,53.99,95.0,88.9,2227,6.5,Slider
94.7,-1.43,5.08,54.06,89.8,94.7,2189,6.4,4-Seam Fastball
84.2,-1.4,4.96,53.81,103.5,84.5,2398,6.7,Sweeper
89.5,-1.23,5.18,53.97,60.4,89.7,2243,6.5,Slider
95.2,-1.38,5.05,53.9,73.2,95.1,2142,6.6,4-Seam Fastball
90.0,-1.26,5.01,53.81,83.9,90.6,1617,6.7,Changeup
90.1,-1.27,5.17,53.93,102.2,90.5,2276,6.6,Slider
95.2,-1.47,5.07,53.99,92.9,94.9,2139,6.5,4-Seam Fastball
95.7,-1.47,5.09,54.07,85.9,95.4,2371,6.4,Sinker
96.5,-1.44,5.06,53.92,75.6,96.2,2201,6.6,4-Seam Fastball
96.6,-1.56,5.02,54.01,47.9,97.0,2294,6.5,4-Seam Fastball
96.8,-1.67,4.94,53.94,69.3,97.0,2100,6.6,4-Seam Fastball
84.5,-1.56,5.11,53.89,85.9,84.3,2492,6.6,Sweeper
94.3,-1.44,5.03,54.04,89.1,94.2,2239,6.5,4-Seam Fastball
95.8,-1.55,4.96,53.9,100.1,96.0,2161,6.6,4-Seam Fastball
84.6,-1.41,5.1,53.81,90.0,84.5,2428,6.7,Sweeper
94.6,-1.45,5.09,54.02,79.5,94.4,2367,6.5,Sinker
96.1,-1.62,5.08,54.03,91.3,95.6,2145,6.5,4-Seam Fastball
94.4,-1.29,5.11,54.0,61.0,94.2,2164,6.5,4-Seam Fastball
94.9,-1.36,5.03,53.97,87.5,94.9,2403,6.5,Sinker
88.5,-1.46,5.03,53.83,92.6,89.2,1592,6.7,Changeup
94.3,-1.48,5.08,54.1,76.2,93.8,1935,6.4,4-Seam Fastball
94.3,-1.55,5.05,53.96,76.0,94.3,2049,6.5,4-Seam Fastball
94.4,-1.35,5.13,53.89,68.5,94.2,2154,6.6,4-Seam Fastball
83.2,-1.34,5.06,54.0,103.4,83.5,2398,6.5,Sweeper
90.5,-1.42,4.96,53.84,99.6,91.0,1810,6.7,Changeup
89.0,-1.53,4.98,53.89,76.5,89.5,1748,6.6,Changeup
93.6,-1.32,5.09,54.1,100.2,93.6,2227,6.4,Sinker
95.9,-1.33,5.14,53.92,96.1,96.2,2283,6.6,4-Seam Fastball
95.4,-1.33,5.05,54.03,94.5,96.0,2345,6.5,Sinker
95.3,-1.26,5.23,54.08,82.3,95.6,2247,6.4,4-Seam Fastball
81.7,-1.51,5.1,53.89,68.1,82.4,2351,6.6,Sweeper
95.5,-1.41,5.05,54.12,76.8,95.5,2357,6.4,4-Seam Fastball
94.9,-1.53,5.03,54.07,79.5,95.0,2269,6.4,4-Seam Fastball
94.9,-1.4,5.09,54.09,62.0,94.9,2121,6.4,4-Seam Fastball
95.1,-1.48,5.06,53.97,90.9,95.2,2178,6.5,4-Seam Fastball
91.9,-1.31,5.09,54.06,104.3,91.9,2209,6.4,Changeup
90.0,-1.34,4.95,53.83,89.0,90.6,1687,6.7,Changeup
96.1,-1.27,5.16,53.99,98.2,96.2,2294,6.5,4-Seam Fastball
96.0,-1.36,5.06,53.98,76.7,95.9,2343,6.5,Sinker
95.4,-1.36,5.07,54.03,98.1,95.6,2189,6.5,4-Seam Fastball
80.4,-1.47,5.17,54.03,64.7,80.8,2298,6.5,Sweeper
95.9,-1.35,5.03,53.92,100.9,96.3,2246,6.6,Sinker
96.4,-1.41,5.06,53.84,74.2,96.9,2232,6.7,4-Seam Fastball
95.3,-1.53,4.97,53.88,86.6,96.0,2203,6.6,4-Seam Fastball
95.9,-1.43,5.07,53.93,64.1,96.2,2218,6.6,4-Seam Fastball
94.8,-1.4,5.0,54.05,77.7,95.1,2306,6.4,Sinker
97.6,-1.3,5.05,53.64,91.3,98.5,2394,6.9,Sinker
84.4,-1.61,4.95,53.84,70.2,84.9,2465,6.7,Sweeper
91.0,-1.55,4.81,53.74,45.5,91.7,2024,6.8,Changeup
95.9,-1.48,5.04,53.95,91.6,96.4,2298,6.5,4-Seam Fastball
95.2,-1.43,5.19,53.8,100.2,95.9,2206,6.7,4-Seam Fastball
95.9,-1.41,5.22,53.87,77.0,96.4,2259,6.6,4-Seam Fastball
95.3,-1.49,5.2,53.87,80.7,96.1,2191,6.6,4-Seam Fastball
94.6,-1.59,4.99,53.96,102.4,94.9,2292,6.5,Sinker
87.7,-1.34,5.1,53.92,100.2,88.3,2196,6.6,Slider
95.7,-1.52,4.93,53.81,87.6,96.0,2221,6.7,4-Seam Fastball
95.0,-1.47,5.0,54.03,76.3,95.0,2136,6.5,4-Seam Fastball
81.3,-1.5,5.09,54.05,76.4,81.2,2284,6.5,Sweeper
95.2,-1.43,5.19,54.04,74.6,94.8,2247,6.5,4-Seam Fastball
95.3,-1.31,5.15,54.04,67.5,95.0,2263,6.5,4-Seam Fastball
94.2,-1.32,5.2,53.81,78.5,93.9,2327,6.7,Sinker
95.0,-1.28,5.04,53.94,51.7,94.9,2218,6.6,Sinker
91.4,-1.36,4.91,53.67,78.9,92.2,1688,6.8,Changeup
95.9,-1.37,4.94,53.83,96.1,96.2,2166,6.7,Sinker
85.7,-1.63,4.96,53.94,69.1,85.6,2521,6.6,Sweeper
95.7,-1.26,5.04,53.9,81.4,95.7,2318,6.6,Sinker
95.8,-1.24,5.32,53.87,80.6,95.4,2112,6.6,4-Seam Fastball
89.6,-1.24,4.96,53.73,108.8,90.3,1940,6.8,Changeup
89.2,-1.37,5.04,53.73,98.9,90.1,2137,6.8,Slider
97.6,-0.98,5.3,53.78,93.8,97.9,2143,6.7,4-Seam Fastball
95.1,-1.46,5.13,53.98,68.5,95.0,2333,6.5,Sinker
95.0,-1.21,5.11,53.86,77.7,95.0,2306,6.6,Sinker
85.3,-1.35,5.0,54.01,87.8,84.5,2450,6.5,Sweeper
84.3,-1.47,5.0,53.98,77.3,84.3,2399,6.5,Sweeper
94.8,-1.13,5.2,53.86,77.7,94.9,2184,6.6,Sinker
95.2,-1.23,5.16,53.84,110.6,94.9,2133,6.7,4-Seam Fastball
96.7,-1.41,4.98,53.7,101.0,97.0,2361,6.8,Sinker
94.6,-1.35,4.95,53.72,93.5,94.7,2224,6.8,Sinker
95.3,-1.35,5.16,53.77,97.3,95.5,2193,6.7,4-Seam Fastball
95.9,-1.4,5.05,53.86,91.4,96.5,2290,6.6,Sinker
95.8,-1.2,5.22,53.83,100.6,95.4,2161,6.7,4-Seam Fastball
95.0,-1.4,5.12,54.1,94.8,94.7,2250,6.4,Sinker
96.3,-1.27,5.22,53.85,89.6,96.1,2258,6.6,Sinker
96.2,-1.2,5.25,53.82,69.2,96.5,2120,6.7,4-Seam Fastball
95.3,-1.57,5.02,53.93,104.5,94.1,2209,6.6,4-Seam Fastball
96.0,-1.44,5.14,53.78,77.4,96.1,2093,6.7,4-Seam Fastball
80.8,-1.6,5.07,53.91,71.7,80.9,2408,6.6,Sweeper
80.3,-1.38,5.06,53.85,67.7,79.9,2451,6.6,Sweeper
86.4,-1.36,5.26,54.03,97.2,86.0,1801,6.5,Changeup
94.2,-1.29,5.03,53.8,92.1,94.4,2174,6.7,Sinker
95.5,-1.16,5.19,53.89,87.2,95.6,2247,6.6,Sinker
89.0,-1.07,5.05,53.72,91.3,89.2,1911,6.8,Changeup
84.3,-1.47,5.01,53.93,82.4,84.5,2351,6.6,Sweeper
95.4,-1.09,5.23,53.74,68.9,96.1,2050,6.8,4-Seam Fastball
95.5,-1.15,5.19,53.98,82.5,95.5,2184,6.5,4-Seam Fastball
87.3,-1.35,5.07,53.89,90.8,88.0,2174,6.6,Slider
95.0,-0.93,5.23,53.77,64.1,95.6,2271,6.7,Sinker
94.9,-1.29,5.18,54.03,65.3,94.9,2233,6.5,4-Seam Fastball
94.2,-1.12,5.12,53.81,97.8,94.6,2281,6.7,Sinker
84.6,-1.4,5.07,53.79,76.0,84.8,2394,6.7,Sweeper
86.3,-1.36,5.13,53.89,69.7,86.8,2175,6.6,Slider
94.6,-1.33,5.09,54.02,65.9,94.5,2206,6.5,Sinker
94.4,-1.14,5.14,53.87,79.0,94.8,2284,6.6,4-Seam Fastball
88.1,-1.25,5.12,54.01,76.1,88.4,2176,6.5,Slider
95.1,-1.26,5.09,53.77,98.1,95.5,2106,6.7,4-Seam Fastball
95.3,-1.23,5.14,53.97,80.1,95.5,2201,6.5,4-Seam Fastball
86.6,-1.33,4.91,53.94,71.8,86.3,2384,6.6,Slider
90.6,-1.22,4.95,53.79,91.2,90.7,1661,6.7,Changeup
95.6,-1.38,5.02,53.89,72.3,95.6,2183,6.6,4-Seam Fastball
90.4,-1.42,4.91,53.85,65.3,90.7,1630,6.7,Changeup
95.5,-1.23,5.11,53.89,69.0,95.6,2181,6.6,4-Seam Fastball
88.4,-1.32,5.07,54.09,86.7,88.7,2126,6.4,Slider
95.3,-1.14,5.13,53.84,75.3,95.6,2146,6.7,4-Seam Fastball
89.5,-1.35,5.11,53.83,62.4,90.0,2172,6.7,Slider
96.5,-1.16,5.14,53.98,81.5,96.4,2110,6.5,4-Seam Fastball
95.5,-1.04,5.25,53.81,108.6,95.8,2181,6.7,Sinker
96.3,-1.13,5.24,54.07,83.1,95.9,2193,6.4,4-Seam Fastball
87.3,-1.4,5.04,53.87,76.4,87.5,2240,6.6,Slider
85.5,-1.41,4.93,53.8,66.7,85.5,2433,6.7,Sweeper
95.7,-1.29,5.19,53.97,63.0,95.6,2255,6.5,4-Seam Fastball
86.5,-1.43,5.09,53.99,75.0,86.9,2158,6.5,Slider
90.3,-1.21,5.14,53.75,73.9,90.8,1545,6.7,Changeup
95.5,-1.26,4.91,53.59,43.9,96.5,2173,6.9,4-Seam Fastball
96.0,-1.09,4.89,53.72,81.4,96.7,2207,6.8,4-Seam Fastball
89.7,-1.19,4.89,53.68,32.4,90.3,1826,6.8,Changeup
84.1,-1.37,4.77,53.74,86.2,84.6,2366,6.8,Sweeper
96.2,-1.27,4.83,53.8,86.3,96.4,2169,6.7,4-Seam Fastball
95.5,-1.23,5.11,54.12,77.2,94.8,2251,6.4,4-Seam Fastball
91.0,-1.41,5.01,53.75,60.5,91.8,2149,6.8,Slider
95.4,-1.31,4.86,53.82,82.7,95.8,2057,6.7,4-Seam Fastball
91.3,-1.25,4.88,53.72,76.1,92.0,1732,6.8,Changeup
83.7,-1.35,4.91,53.94,63.1,84.4,2448,6.6,Sweeper
95.1,-1.34,4.84,53.57,84.4,96.5,2236,6.9,Sinker
96.4,-1.28,5.01,53.69,91.8,97.5,2246,6.8,4-Seam Fastball
87.2,-1.22,5.11,54.19,86.3,87.1,2179,6.3,Slider
82.4,-1.38,4.97,54.04,84.2,83.0,2512,6.5,Sweeper
94.7,-1.06,5.16,53.97,79.7,94.7,2331,6.5,4-Seam Fastball
96.3,-1.14,5.01,53.83,104.8,96.8,2301,6.7,Sinker
96.8,-1.32,5.08,53.96,81.7,96.9,2288,6.5,4-Seam Fastball
95.4,-1.15,5.08,53.93,88.4,95.4,2195,6.6,4-Seam Fastball
96.1,-1.39,5.02,53.71,77.9,96.9,2072,6.8,4-Seam Fastball
90.2,-1.26,4.89,53.64,94.4,90.2,1766,6.9,Changeup
95.2,-1.09,4.93,53.93,65.6,95.5,2179,6.6,Sinker
88.2,-1.17,4.92,53.45,90.9,89.1,2845,7.1,Changeup
95.7,-1.28,5.11,53.61,94.4,96.3,2288,6.9,Sinker
95.3,-1.27,5.01,54.26,78.5,95.2,2155,6.2,4-Seam Fastball
86.8,-1.07,5.11,54.19,74.4,87.1,2135,6.3,Slider
95.7,-1.22,4.9,53.54,109.3,97.1,2284,7.0,Sinker
89.6,-1.19,4.86,53.88,74.6,90.3,1941,6.6,Changeup
95.1,-1.45,5.04,53.94,80.1,95.3,2191,6.6,4-Seam Fastball
96.1,-1.12,5.08,53.87,103.7,96.3,2403,6.6,4-Seam Fastball
96.5,-1.16,4.99,53.99,74.5,96.9,2210,6.5,4-Seam Fastball
81.6,-1.35,4.96,53.45,58.6,82.3,1572,7.1,Changeup
82.8,-1.31,5.2,54.09,67.9,82.5,2411,6.4,Sweeper
95.9,-1.27,5.09,53.78,120.4,96.2,2348,6.7,Sinker
96.0,-1.19,5.12,53.8,99.5,96.4,2233,6.7,4-Seam Fastball
95.9,-1.41,5.03,54.05,96.6,95.9,2285,6.5,4-Seam Fastball
90.3,-1.45,5.2,54.26,98.9,90.0,2277,6.2,Slider
95.9,-1.17,4.94,54.02,101.9,95.6,2082,6.5,4-Seam Fastball
96.5,-1.25,5.08,53.98,76.7,96.6,2180,6.5,4-Seam Fastball
96.1,-1.05,5.18,53.59,91.2,96.7,2268,6.9,Sinker
91.0,-1.47,5.07,53.96,77.2,91.0,1797,6.5,Changeup
94.9,-1.31,5.08,53.89,99.6,95.0,2366,6.6,Sinker
95.8,-1.27,5.16,53.99,76.1,95.9,2132,6.5,4-Seam Fastball
90.5,-1.43,5.08,53.4,102.5,91.6,1888,7.1,Changeup
95.9,-1.27,5.24,53.88,101.5,96.1,2236,6.6,4-Seam Fastball
89.9,-1.44,5.12,53.92,42.3,89.6,1856,6.6,Changeup
89.5,-1.24,5.05,53.63,72.9,89.8,1902,6.9,Changeup
88.8,-1.32,5.15,53.78,97.5,88.8,1899,6.7,Changeup
96.6,-1.16,5.12,53.82,82.5,96.7,2239,6.7,Sinker
96.8,-1.27,5.22,54.04,79.7,96.8,2154,6.5,4-Seam Fastball
90.6,-1.2,5.07,53.92,75.4,90.4,2023,6.6,Changeup
96.3,-1.12,5.16,54.12,80.4,95.9,2197,6.4,Sinker
95.4,-1.31,5.11,53.98,79.8,95.6,2316,6.5,Sinker
96.5,-1.5,5.01,53.91,82.3,96.6,2349,6.6,Sinker
96.4,-1.2,5.16,53.97,97.5,96.0,2287,6.5,Sinker
84.8,-1.34,5.12,53.79,91.5,85.1,2453,6.7,Sweeper
87.9,-1.48,5.03,53.85,94.6,88.0,1797,6.7,Changeup
86.6,-1.57,5.11,53.99,109.8,86.6,2141,6.5,Slider
94.5,-1.36,5.17,54.06,112.3,94.0,2257,6.4,Sinker
95.7,-1.37,5.12,53.96,79.8,95.5,2225,6.5,4-Seam Fastball
96.2,-1.33,5.18,53.87,96.7,96.3,2267,6.6,Sinker
96.5,-1.2,5.21,54.07,104.2,96.1,2284,6.4,4-Seam Fastball
88.9,-1.61,5.1,53.86,95.9,89.6,2201,6.6,Slider
96.9,-1.52,5.04,53.7,87.7,97.6,2222,6.8,4-Seam Fastball
89.1,-1.68,5.07,53.8,87.4,89.6,2291,6.7,Slider
96.7,-1.36,5.22,53.45,94.9,97.5,2315,7.1,4-Seam Fastball
98.0,-1.28,5.11,53.7,110.5,98.5,2308,6.8,Sinker
96.3,-1.28,5.17,53.82,66.7,96.6,2068,6.7,4-Seam Fastball
95.0,-1.45,5.13,53.95,81.1,94.5,2243,6.5,Sinker
91.0,-1.3,5.05,53.36,97.3,92.2,1729,7.1,Changeup
96.3,-1.45,5.08,53.53,85.1,97.2,2174,7.0,4-Seam Fastball
87.4,-1.58,5.02,53.85,112.7,87.9,2258,6.6,Slider
96.9,-1.32,5.04,53.79,99.5,97.4,2365,6.7,Sinker
96.7,-1.33,5.12,53.92,81.4,96.9,2291,6.6,4-Seam Fastball
94.8,-1.31,5.09,53.84,74.0,95.0,2131,6.7,4-Seam Fastball
94.1,-1.4,5.04,53.9,68.8,94.1,2226,6.6,4-Seam Fastball
94.9,-1.39,5.1,53.97,89.4,94.8,2222,6.5,4-Seam Fastball
86.6,-1.43,5.07,53.82,79.0,87.3,2179,6.7,Slider
94.5,-1.22,5.03,53.91,91.2,95.4,2309,6.6,Sinker
89.0,-1.38,5.08,53.81,76.4,89.7,2179,6.7,Slider
90.1,-1.3,5.03,53.8,101.7,89.8,1918,6.7,Changeup
95.3,-1.19,5.14,53.92,77.7,95.5,2352,6.6,Sinker
87.1,-1.36,5.21,53.97,73.2,88.0,2205,6.5,Slider
90.2,-1.41,4.97,53.82,81.7,90.5,1888,6.7,Changeup
90.6,-1.33,4.97,53.76,89.0,91.3,1816,6.7,Changeup
95.0,-1.37,4.91,53.73,73.8,95.5,2309,6.8,Sinker
95.8,-1.36,5.13,53.8,81.4,96.5,2364,6.7,4-Seam Fastball
95.8,-1.54,5.04,53.84,72.3,95.5,2246,6.7,4-Seam Fastball
95.2,-1.4,5.23,53.88,71.6,95.5,2249,6.6,4-Seam Fastball
88.0,-1.43,5.08,53.86,86.0,88.7,2182,6.6,Slider
93.3,-1.5,5.01,53.91,32.5,94.0,2267,6.6,Sinker
92.8,-1.39,5.11,53.95,95.7,93.1,2275,6.5,Sinker
88.0,-1.41,5.03,53.88,85.9,88.6,2224,6.6,Slider
95.1,-1.2,5.13,53.84,73.7,95.0,2376,6.7,4-Seam Fastball
94.1,-1.26,5.2,53.88,86.7,94.4,2313,6.6,4-Seam Fastball
82.9,-1.29,5.09,53.78,89.1,83.2,2497,6.7,Sweeper
96.5,-1.21,5.16,53.79,91.6,97.5,2398,6.7,Sinker
88.5,-1.36,5.02,53.91,97.6,90.0,2215,6.6,Slider
96.1,-1.34,5.14,53.83,73.0,97.0,2303,6.7,4-Seam Fastball
94.8,-1.24,5.09,53.83,72.8,95.4,2226,6.7,4-Seam Fastball
95.8,-1.16,5.22,53.88,73.1,96.1,2408,6.6,4-Seam Fastball
96.0,-1.21,5.16,53.69,91.6,96.5,2100,6.8,Sinker
96.3,-1.38,5.12,53.8,78.4,97.0,2386,6.7,Sinker
96.0,-1.21,5.11,53.75,89.0,96.6,2357,6.7,4-Seam Fastball
96.8,-1.33,5.08,53.68,80.7,97.9,2466,6.8,4-Seam Fastball
95.6,-1.35,5.09,53.69,109.1,96.5,2261,6.8,4-Seam Fastball
95.3,-1.35,4.99,53.62,98.7,96.1,2235,6.9,Sinker
94.9,-1.36,5.08,53.74,106.7,95.7,2280,6.8,Sinker
96.7,-1.3,5.16,53.77,100.0,97.2,2354,6.7,4-Seam Fastball
89.4,-1.41,5.17,54.1,96.2,89.9,2208,6.4,Slider
94.7,-1.2,5.3,54.18,88.2,94.9,2322,6.3,Sinker
88.4,-1.37,5.23,54.02,77.4,89.3,2214,6.5,Slider
95.4,-1.12,5.3,54.25,79.9,95.5,2179,6.3,Sinker
90.5,-1.37,5.17,54.04,82.6,90.8,1641,6.5,Changeup
89.5,-1.46,5.23,53.93,78.5,90.7,2295,6.6,Slider
96.3,-1.3,5.24,53.87,70.3,96.7,2376,6.6,Sinker
95.2,-1.2,5.28,54.03,54.6,95.3,2321,6.5,Sinker
89.8,-1.36,5.13,53.92,102.9,90.3,2316,6.6,Slider
94.6,-1.3,5.09,53.92,97.7,95.2,2131,6.6,4-Seam Fastball
96.1,-1.25,5.17,53.92,101.8,96.4,2292,6.6,Sinker
94.4,-1.48,4.9,53.75,81.4,94.8,2254,6.7,Sinker
96.0,-1.38,5.06,53.73,80.1,96.5,2263,6.8,4-Seam Fastball
96.1,-1.59,5.11,53.79,101.9,96.7,2320,6.7,4-Seam Fastball
96.2,-1.34,5.14,53.65,102.1,97.4,2274,6.8,4-Seam Fastball
97.2,-1.36,5.26,54.05,90.1,97.4,2146,6.4,4-Seam Fastball
96.6,-1.6,4.98,53.54,76.8,97.5,2269,7.0,4-Seam Fastball
96.2,-1.45,5.19,54.09,70.3,96.5,2260,6.4,4-Seam Fastball
95.6,-1.4,5.1,53.94,72.8,95.9,2285,6.6,4-Seam Fastball
96.4,-1.34,5.08,53.75,85.6,96.4,2164,6.8,4-Seam Fastball
85.7,-1.45,5.04,54.22,82.9,86.0,2584,6.3,Sweeper
87.2,-1.54,5.14,53.96,68.0,87.8,2201,6.5,Slider
97.0,-1.4,5.04,53.77,81.6,97.2,2310,6.7,4-Seam Fastball
97.4,-1.22,5.13,54.12,69.6,97.5,2275,6.4,4-Seam Fastball
97.5,-1.41,5.06,53.85,54.6,97.7,2176,6.7,4-Seam Fastball
85.1,-1.42,5.08,53.79,60.5,85.7,2402,6.7,Sweeper
96.4,-1.08,5.24,53.93,73.0,97.2,2397,6.6,Sinker
96.3,-1.3,5.15,54.01,75.7,96.7,2207,6.5,4-Seam Fastball
90.5,-1.38,5.07,53.81,59.9,91.0,1741,6.7,Changeup
95.5,-1.4,4.99,53.47,111.6,96.9,2239,7.0,Sinker
96.8,-1.3,5.15,53.95,84.7,96.9,2268,6.6,4-Seam Fastball
95.9,-1.38,5.12,53.69,63.0,96.7,2352,6.8,4-Seam Fastball
95.9,-1.65,5.06,53.71,61.5,96.7,2208,6.8,4-Seam Fastball
97.0,-1.35,5.27,54.01,70.5,97.4,2319,6.5,4-Seam Fastball
96.4,-1.49,5.16,53.71,73.1,96.8,2360,6.8,4-Seam Fastball
97.0,-1.1,5.34,53.86,86.2,97.6,2300,6.6,4-Seam Fastball
96.8,-1.37,5.18,53.78,87.1,97.5,2240,6.7,4-Seam Fastball
96.7,-1.22,5.28,54.1,71.2,96.9,2320,6.4,4-Seam Fastball
94.4,-1.47,4.88,53.82,103.9,95.7,2326,6.7,Sinker
94.1,-1.51,5.02,53.86,98.3,94.7,2162,6.6,4-Seam Fastball
93.8,-1.25,4.97,53.95,106.5,94.8,2296,6.6,4-Seam Fastball
94.9,-1.33,5.07,53.84,77.8,95.8,2270,6.7,4-Seam Fastball
94.6,-1.16,4.97,53.76,99.9,96.0,2258,6.7,4-Seam Fastball
95.3,-1.27,4.98,53.83,84.7,96.2,2242,6.7,Sinker
94.6,-1.37,4.91,53.94,73.4,95.4,2170,6.6,4-Seam Fastball
94.4,-1.39,5.06,53.91,75.6,95.1,2308,6.6,4-Seam Fastball
95.1,-1.41,4.94,53.79,88.6,95.7,2369,6.7,4-Seam Fastball
94.2,-1.42,4.87,53.86,72.5,95.4,2289,6.6,Sinker
94.1,-1.51,4.7,53.91,73.1,95.0,2286,6.6,Sinker
95.5,-1.3,4.97,53.89,79.2,96.1,2299,6.6,4-Seam Fastball
84.2,-1.4,4.83,53.86,75.7,85.2,2543,6.6,Sweeper
95.0,-1.23,5.04,53.96,79.4,95.7,2286,6.5,4-Seam Fastball
93.6,-1.41,4.88,54.09,59.6,94.2,2316,6.4,Sinker
88.0,-1.51,4.83,53.8,99.2,89.2,1855,6.7,Changeup
84.7,-1.54,4.76,53.69,63.4,85.6,2508,6.8,Sweeper
95.3,-1.4,4.95,53.7,83.8,96.8,2247,6.8,4-Seam Fastball
95.2,-1.44,4.79,53.7,101.5,96.1,2288,6.8,Sinker
95.1,-1.58,4.94,53.85,65.3,96.5,2186,6.6,4-Seam Fastball
97.0,-1.38,4.95,53.84,84.3,98.0,2309,6.7,4-Seam Fastball
96.6,-1.56,4.94,53.79,74.8,97.7,2262,6.7,4-Seam Fastball
93.9,-1.54,5.05,53.89,34.3,95.4,2320,6.6,Sinker
93.4,-1.54,4.82,53.73,77.6,94.6,2287,6.8,Sinker
94.6,-1.49,5.01,53.95,78.8,95.5,2370,6.6,Sinker
95.1,-1.37,4.96,53.97,78.4,95.8,2339,6.5,4-Seam Fastball
94.6,-1.47,4.82,53.85,93.7,95.6,2247,6.6,Sinker
86.4,-1.78,5.04,53.85,91.2,87.1,2145,6.6,Slider
94.6,-1.47,4.99,53.81,102.6,96.0,2321,6.7,Sinker
93.4,-1.43,5.09,53.9,84.6,94.4,2217,6.6,Sinker
94.2,-1.25,5.06,53.9,79.5,95.1,2288,6.6,4-Seam Fastball
94.0,-1.62,5.11,53.88,71.8,95.2,2297,6.6,4-Seam Fastball
